Level-0,Level-1,Level-2,Level-3,Level-4,Level-5,Level-6
abc,abc,abc,abc,abc,abc,abc
000,001,001,011,111,110,111
001,000,000,000,000,000,000
010,011,011,001,001,001,001
011,010,010,010,010,010,011
100,101,100,100,100,100,100
101,100,101,111,011,011,010
110,111,110,110,110,111,110
111,110,111,101,101,101,101
